{
  "train_loss": [
    9.426011806622427,
    5.289510128647571,
    3.709410621297039,
    3.3833027700137586,
    2.9603155152444773,
    2.6210111707714217,
    2.4025343486240933,
    2.2254996018777002,
    2.117738268239181,
    1.9996049756715941,
    1.8780979904570814,
    1.723972080807323,
    1.6351462603593405,
    1.5679337171710153,
    1.4991795775796812,
    1.4352164038089144,
    1.4135881954331062,
    1.3580012836014577,
    1.3150763351287404,
    1.2943791363223995,
    1.257224755073541,
    1.2438388025349871,
    1.2241448099346093,
    1.1937238036931217,
    1.124106080654419,
    1.1042647633000813,
    1.0835178774679135,
    1.0677923074882287,
    1.0561622750423625,
    1.0404627819213854,
    1.041956372861747,
    1.0155166803510143,
    1.0097669679657633,
    0.9960982226526996,
    0.9842609669371345,
    0.9878398103942437,
    0.9647661132949071,
    0.9652779600448489,
    0.9613800454570051,
    0.9525928026665674,
    0.9473283180402836,
    0.9365554755359753,
    0.9398696335174936,
    0.9406356334398792,
    0.9263958529391428,
    0.9231941369475402,
    0.9192891270759526,
    0.9163419525939024,
    0.9127769386991811,
    0.9047626358141128,
    0.908471052258737
  ],
  "val_loss": [
    6.354521141208838,
    3.7993835096548185,
    3.479270742042946,
    3.1203054440100235,
    2.6526048665129243,
    2.349616357860194,
    2.161788076412331,
    2.0219041885445423,
    1.913815019493675,
    1.8448837065556294,
    1.6572480235124472,
    1.5346741511654518,
    1.4618061325198175,
    1.4091405096850649,
    1.3677789001364422,
    1.3223797039072491,
    1.292835252084584,
    1.264976937962753,
    1.2460100139312908,
    1.222750383276142,
    1.190752926860859,
    1.1830629431390771,
    1.1687689149420155,
    1.156869742926925,
    1.128112596591498,
    1.1204504369731974,
    1.1341428078435776,
    1.106673871781514,
    1.1100760392582716,
    1.1044703392328885,
    1.1011246492474203,
    1.0970184192494923,
    1.1016076959585817,
    1.1032384597636027,
    1.0980457554283938,
    1.0875715902824816,
    1.0944049161671527,
    1.088489551448873,
    1.092033284265357,
    1.0978799099456662,
    1.0990954597741391,
    1.1042083165336247,
    1.0980340643969897,
    1.1072079812482534,
    1.1060989719511205,
    1.1003595871008784,
    1.1057458107713587,
    1.1086180836690998,
    1.1032756248074473,
    1.1040590583012186,
    1.1083573725592466
  ],
  "val_exact_match": [
    0.0,
    0.0,
    0.0,
    0.0,
    0.0,
    0.0,
    0.0016666666666666668,
    0.0016666666666666668,
    0.0033333333333333335,
    0.0,
    0.021666666666666667,
    0.04,
    0.04666666666666667,
    0.055,
    0.075,
    0.06833333333333333,
    0.07166666666666667,
    0.08833333333333333,
    0.10166666666666667,
    0.10666666666666667,
    0.10333333333333333,
    0.10333333333333333,
    0.1,
    0.1,
    0.10833333333333334,
    0.115,
    0.12666666666666668,
    0.125,
    0.11833333333333333,
    0.135,
    0.13166666666666665,
    0.13666666666666666,
    0.135,
    0.13166666666666665,
    0.135,
    0.14833333333333334,
    0.15,
    0.13666666666666666,
    0.15166666666666667,
    0.15,
    0.14,
    0.13833333333333334,
    0.13166666666666665,
    0.14166666666666666,
    0.14666666666666667,
    0.15333333333333332,
    0.14333333333333334,
    0.14333333333333334,
    0.14333333333333334,
    0.14666666666666667,
    0.155
  ],
  "val_per": [
    1.6786550329857417,
    9.62800595871462,
    2.3907214300915087,
    4.867205788465631,
    0.9040221323685891,
    0.7416471589699937,
    0.6733347520749096,
    0.6778037880400085,
    0.6641838689082784,
    0.5958714620131943,
    0.5130878910406469,
    0.4535007448393275,
    0.432858054905299,
    0.40625665035113856,
    0.3937007874015748,
    0.37050436263034686,
    0.3583741221536497,
    0.34071078952968714,
    0.3339008299638221,
    0.3234730793785912,
    0.32155777825069165,
    0.31496062992125984,
    0.31474781868482654,
    0.2998510321344967,
    0.2962332411151309,
    0.2964460523515642,
    0.28921047031283253,
    0.2896360927856991,
    0.2896360927856991,
    0.2877207916577995,
    0.28091083209193446,
    0.2830389444562673,
    0.28218769951053413,
    0.2764417961268355,
    0.2830389444562673,
    0.27410087252606935,
    0.2732496275803362,
    0.2711215152160034,
    0.2734624388167695,
    0.2760161736539689,
    0.2706958927431368,
    0.2751649287082358,
    0.2755905511811024,
    0.27729304107256864,
    0.28346456692913385,
    0.27154713768886996,
    0.2762289848904022,
    0.27729304107256864,
    0.27835709725473506,
    0.27410087252606935,
    0.2762289848904022
  ],
  "lr": [
    3.75e-05,
    7.5e-05,
    0.0001125,
    0.00015,
    0.00018749999999999998,
    0.000225,
    0.0002625,
    0.0003,
    0.0002999669623525078,
    0.00029986786558019643,
    0.0002997027581856471,
    0.0002994717209801175,
    0.0002991748670439893,
    0.00029881234167142094,
    0.00029838432229923413,
    0.00029789101842006793,
    0.00029733267147984333,
    0.0002967095547595884,
    0.00029602197324168157,
    0.00029527026346057935,
    0.0002944547933381004,
    0.0002935759620033477,
    0.00029263419959735595,
    0.0002916299670625606,
    0.00029056375591719096,
    0.00028943608801469857,
    0.00028824751528833744,
    0.00028699861948102253,
    0.0002856900118605972,
    0.0002843223329206507,
    0.0002828962520670305,
    0.00028141246729020375,
    0.00027987170482362834,
    0.00027827471878830054,
    0.00027662229082365267,
    0.0002749152297049825,
    0.000273154370947601,
    0.00027134057639789194,
    0.00026947473381148436,
    0.0002675577564187434,
    0.00026559058247779284,
    0.0002635741748152876,
    0.0002615095203551619,
    0.00025939762963558236,
    0.0002572395363143436,
    0.00025503629666294783,
    0.00025278898904961645,
    0.00025049871341148634,
    0.00024816659071624916,
    0.00024579376241349774,
    0.00024338138987604728
  ]