{
  "train_loss": [
    9.483336840012365,
    8.137629050640372,
    6.085309119663051,
    4.487973998377543,
    3.7557735723177776,
    3.5532499033154057,
    3.4550479312657343,
    3.333494667237449,
    3.126712935118402,
    2.9589450495307883,
    2.7829776800320007,
    2.674689739311686,
    2.563018027435775,
    2.483103723771452,
    2.4267979633608188,
    2.3935441206341332,
    2.332323669394432,
    2.2904287914791293,
    2.257875227197324,
    2.200055423894323,
    2.1671208866763627,
    2.136808403025065,
    2.115638021963604,
    2.0757595371276123,
    2.0389235695295076,
    2.004513529672176,
    1.9420628220721985,
    1.9265114933097205,
    1.8718761794480234,
    1.7036179677815435,
    1.6364461921831994,
    1.6017990442353773,
    1.5612276624226722,
    1.5071320258585135,
    1.5109735087551361,
    1.462074817929949,
    1.430511874674096,
    1.394448567581287,
    1.3572608370598924,
    1.3342775164069711,
    1.3065656312564125,
    1.2927131725088443,
    1.2739764221835648,
    1.2425052471558022,
    1.2377187909798653,
    1.2198288934157722,
    1.1780486511039623,
    1.1696081845797577,
    1.1588865645983923,
    1.1502828342780824,
    1.1504589624733095,
    1.130466495751645,
    1.1140238243972311,
    1.1580023442616416,
    1.0957951793303857,
    1.0917299250428425,
    1.0576526418388614,
    1.0855902306464036,
    1.077883134455678,
    1.0401789610995387,
    1.0527730575836485,
    1.046980169489592,
    1.0294999483522478,
    1.0278371321768895,
    1.0436506721861725,
    0.9964755555740873,
    1.0170937933764614,
    1.0069319212967567
  ],
  "val_loss": [
    8.813462934995952,
    6.5933580532138745,
    4.582679618194269,
    3.7606068521687455,
    3.5649043685916326,
    3.4545650468010245,
    3.3510716422911613,
    3.1644472543573947,
    2.907057524334595,
    2.748196052169152,
    2.6215861110816787,
    2.5057962211971576,
    2.4038305432363356,
    2.3365066075770278,
    2.316383208807539,
    2.2350271792484664,
    2.21604997111905,
    2.1695224742937977,
    2.156477232537974,
    2.110465182108466,
    2.094778304087893,
    2.0662531249591978,
    2.0266458826275553,
    2.0258362571533346,
    1.9770652201463088,
    1.9357183705161505,
    1.9235833424866098,
    1.8588457838181527,
    1.8253223369805638,
    1.750862060054656,
    1.7257995144013436,
    1.7026063729020655,
    1.6936723120346133,
    1.6597040638656486,
    1.6528384351568433,
    1.6487607032010025,
    1.6355968740071425,
    1.616604098844609,
    1.6217211312875277,
    1.6057191502258612,
    1.6028790426375708,
    1.6046077929854596,
    1.6016262564270525,
    1.6054352694942104,
    1.604685767498405,
    1.590693903697974,
    1.5901456384181167,
    1.5774258966154477,
    1.58190619672296,
    1.5813891473771762,
    1.592592744754409,
    1.5802389132349115,
    1.6047697174528863,
    1.6064679029639588,
    1.604210128808467,
    1.611388652251815,
    1.6184261316759274,
    1.6111157606332127,
    1.6106092150628264,
    1.6123559124805729,
    1.6075922534097435,
    1.6098833706463942,
    1.6145285038065627,
    1.619145007408738,
    1.6126085820343783,
    1.605847758226767,
    1.6178494819356144,
    1.6126419619510048
  ],
  "val_exact_match": [
    0.0,
    0.0,
    0.0,
    0.0,
    0.0,
    0.0,
    0.0,
    0.0,
    0.0,
    0.0,
    0.0,
    0.0,
    0.0,
    0.0,
    0.006666666666666667,
    0.006666666666666667,
    0.006666666666666667,
    0.016666666666666666,
    0.016666666666666666,
    0.013333333333333334,
    0.023333333333333334,
    0.03,
    0.03333333333333333,
    0.03666666666666667,
    0.04,
    0.04666666666666667,
    0.04,
    0.05,
    0.07666666666666666,
    0.06333333333333334,
    0.09,
    0.11666666666666667,
    0.12,
    0.11,
    0.12666666666666668,
    0.13666666666666666,
    0.12333333333333334,
    0.14666666666666667,
    0.15666666666666668,
    0.17,
    0.2,
    0.16,
    0.21666666666666667,
    0.18333333333333332,
    0.19,
    0.21333333333333335,
    0.21333333333333335,
    0.21666666666666667,
    0.22333333333333333,
    0.21,
    0.23333333333333334,
    0.24333333333333335,
    0.24,
    0.23333333333333334,
    0.23,
    0.24666666666666667,
    0.22,
    0.23333333333333334,
    0.24,
    0.24,
    0.25,
    0.22666666666666666,
    0.23,
    0.2633333333333333,
    0.25,
    0.24333333333333335,
    0.25,
    0.25333333333333335
  ],
  "val_per": [
    1.0,
    1.0,
    4.336575875486381,
    10.116731517509727,
    18.567120622568094,
    3.4396887159533076,
    5.478112840466926,
    0.8852140077821011,
    1.1867704280155642,
    0.8176070038910506,
    0.8779182879377432,
    0.7937743190661478,
    0.7679961089494164,
    0.752431906614786,
    0.8171206225680934,
    0.6984435797665369,
    0.7300583657587548,
    0.6828793774319066,
    0.7227626459143969,
    0.7047665369649806,
    0.6755836575875487,
    0.6464007782101168,
    0.6235408560311284,
    0.6532101167315175,
    0.6060311284046692,
    0.5622568093385214,
    0.5744163424124513,
    0.5262645914396887,
    0.4985408560311284,
    0.4970817120622568,
    0.48249027237354086,
    0.45184824902723736,
    0.4601167315175097,
    0.4479571984435798,
    0.4406614785992218,
    0.43093385214007784,
    0.42509727626459143,
    0.41293774319066145,
    0.4153696498054475,
    0.4182879377431907,
    0.3788910505836576,
    0.4100194552529183,
    0.38180933852140075,
    0.4075875486381323,
    0.40077821011673154,
    0.39348249027237353,
    0.38813229571984437,
    0.3730544747081712,
    0.3715953307392996,
    0.375,
    0.3779182879377432,
    0.377431906614786,
    0.3715953307392996,
    0.3662451361867704,
    0.3735408560311284,
    0.3662451361867704,
    0.3735408560311284,
    0.37062256809338523,
    0.36186770428015563,
    0.3633268482490272,
    0.35894941634241245,
    0.36235408560311283,
    0.3711089494163424,
    0.35749027237354086,
    0.36186770428015563,
    0.3516536964980545,
    0.36964980544747084,
    0.35700389105058367
  ],
  "lr": [
    2.2222222222222223e-05,
    4.4444444444444447e-05,
    6.666666666666667e-05,
    8.888888888888889e-05,
    0.00011111111111111112,
    0.00013333333333333334,
    0.00015555555555555556,
    0.00017777777777777779,
    0.0002,
    0.00019998259730419436,
    0.00019993039594686234,
    0.000199843416115656,
    0.00019972169144798736,
    0.00019956526901802012,
    0.00019937420931846465,
    0.00019914858623718386,
    0.00019888848702861883,
    0.0001985940122800453,
    0.00019826527587267373,
    0.00019790240493760855,
    0.000197505539806683,
    0.0001970748339581894,
    0.0001966104539575246,
    0.00019611257939277513,
    0.00019558140280526534,
    0.0001950171296150969,
    0.0001944199780417071,
    0.00019379017901947774,
    0.00019312797610842667,
    0.00019243362540001665,
    0.00019170739541811787,
    0.00019094956701516279,
    0.00019016043326353297,
    0.00018934029934222015,
    0.00018848948241880552,
    0.0001876083115268025,
    0.0001866971274384108,
    0.00018575628253273072,
    0.00018478614065948877,
    0.00018378707699832735,
    0.0001827594779137128,
    0.00018170374080551808,
    0.0001806202739553374,
    0.00017950949636859326,
    0.00017837183761249564,
    0.00017720773764991706,
    0.00017601764666924722,
    0.00017480202491029317,
    0.00017356134248629234,
    0.00017229607920210736,
    0.00017100672436867262,
    0.00016969377661376484,
    0.0001683577436891704,
    0.00016699914227432424,
    0.00016561849777649626,
    0.00016421634412760222,
    0.00016279322357771824,
    0.00016134968648537823,
    0.0001598862911047355,
    0.0001584036033696713,
    0.0001569021966749329,
    0.00015538265165438667,
    0.0001538455559564717,
    0.00015229150401694028,
    0.00015072109682897394,
    0.00014913494171076345,
    0.00014753365207064264,
    0.00014591784716986715
  ]